killer_boy_tiger,Entertainment,India,19,990,0.02%,Micro Influencer
crazy girl 😜😜,Entertainment,India,19,990,0.52%,Micro Influencer
ᴘʀɪʏᴀɴᴋᴀ,Entertainment,India,19,971,0.26%,Micro Influencer
𝗠𝗮𝗿𝘁𝗶𝗻 𝗗𝘀𝗼𝘂𝘇𝗮,Entertainment,India,19,965,1.33%,Micro Influencer
Chaithra Shetty,Entertainment,India,19,961,1.86%,Micro Influencer
UDIT🐺,Entertainment,India,19,954,7.51%,Micro Influencer
😈MALAYALY❤,Entertainment,India,19,944,0.61%,Micro Influencer
Munawar Faruqui Hyderabad FC,Entertainment,India,19,942,28.92%,Micro Influencer
ZoomDelhi,Entertainment,India,19,932,0.05%,Micro Influencer
Xenoverse Overseas Consultancy,Entertainment,India,19,922,0.03%,Micro Influencer
Dakssh Limbachiya 🧿,Entertainment,India,19,913,0.35%,Micro Influencer
kannada vlogger supriya,Entertainment,India,19,875,6.98%,Micro Influencer
Sanskriti Goyal,Entertainment,India,19,867,0.02%,Micro Influencer
ANSARI ANJUM 💥,Entertainment,India,19,866,0.13%,Micro Influencer
SHEENA RAJPAL,Entertainment,India,19,862,0.06%,Micro Influencer
waheeda Baig,Entertainment,India,19,860,0.36%,Micro Influencer
Shivani Aggarwal Astrologer,Entertainment,India,19,853,0.63%,Micro Influencer
Hemany Verma,Entertainment,India,19,850,0.12%,Micro Influencer
ThatSareeGirl,Entertainment,India,19,842,1.15%,Micro Influencer
KK,Entertainment,India,19,839,2.54%,Micro Influencer
Dance It Yourself,Entertainment,India,19,836,8.48%,Micro Influencer
George Alex,Entertainment,India,19,829,0.11%,Micro Influencer
Taher Ali Baig,Entertainment,India,19,827,10.41%,Micro Influencer
sam ydv 🇮🇳,Entertainment,India,19,786,0.02%,Micro Influencer
Ankita Chhetri,Entertainment,India,19,784,7.76%,Micro Influencer
▪Pallavi Jain▪,Entertainment,India,19,776,0.65%,Micro Influencer
❤️❤️ RK ❤️❤️,Entertainment,India,19,771,0.06%,Micro Influencer
💛 SALMAN JAANU 💛,Entertainment,India,19,762,3.33%,Micro Influencer
ArYaN ThakuR♠️,Entertainment,India,19,755,0.30%,Micro Influencer
Preet Bhatti,Entertainment,India,19,740,1.63%,Micro Influencer
calledsarcasm,Entertainment,India,19,736,1.19%,Micro Influencer
PaReSh rAnJiTa SaHu,Entertainment,India,19,730,0.44%,Micro Influencer
Kapil Choudhary💙,Entertainment,India,19,719,1.51%,Micro Influencer
Manish Editx,Entertainment,India,19,718,1.37%,Micro Influencer
Peach and Goma,Entertainment,India,19,716,1.94%,Micro Influencer
ᴍᴀʜɪ,Entertainment,India,19,715,0.12%,Micro Influencer
Megha Upreti,Entertainment,India,19,712,13.18%,Micro Influencer
Aakriti Gautam | Dancer,Entertainment,India,19,711,0.07%,Micro Influencer
Aditya Roy Kapur FC,Entertainment,India,19,709,10.66%,Micro Influencer
Cine Frames,Entertainment,India,19,706,4.23%,Micro Influencer
H è å ® t ...✍️,Entertainment,India,19,695,0.04%,Micro Influencer
Bollywood Premee,Entertainment,India,19,689,0.06%,Micro Influencer
Nature Reels00,Entertainment,India,19,687,0.64%,Micro Influencer
Richa Agnihotrii,Entertainment,India,19,686,0.25%,Micro Influencer
𝐓𝐞𝐜𝐡𝐧𝐢𝐜 𝐁𝐀𝐀𝐙,Entertainment,India,19,683,0.00%,Micro Influencer
Priya Basu,Entertainment,India,19,654,0.14%,Micro Influencer
Vatsav,Entertainment,India,19,653,0.12%,Micro Influencer
Barath.EDITZ,Entertainment,India,19,652,4.94%,Micro Influencer
Poonam Sharma Solanki,Entertainment,India,19,649,0.14%,Micro Influencer
M U S K A N🦋,Entertainment,India,19,643,0.46%,Micro Influencer